INSERT INTO `hry` (`ID_hry`, `nazev`, `datum_vydani`, `popis`, `ID_vydavatel`) VALUES
(3, 'Red Dead Redemption 2', '2018-10-26', 'Red Dead Redemption 2 je akční adventura z roku 2018, kterou vyvinula a vydala společnost Rockstar Games. Je třetím dílem v sérii Red Dead a prequelem hry Red Dead Redemption z roku 2010. Příběh hry se odehrává v roce 1899 ve fiktivní verzi západních, středozápadních a jižních Spojených států a sleduje psance Arthura Morgana, člena van der Lindeho gangu. Arthur se musí vyrovnat s úpadkem Divokého západu, zatímco se snaží přežít v boji proti vládním silám, konkurenčním gangům a dalším protivníkům. Epilog sleduje osud jeho společníka a dalšího člena gangu Johna Marstona, jenž je hlavním hrdinou Red Dead Redemption.', 5),
(4, 'God of War 2018', '2018-04-20', 'God of War je akční dobrodružná hra vyvinutá společností Santa Monica Studio a vydaná společností Sony Interactive Entertainment. Byla vydána pro PlayStation 4 v dubnu 2018, s portem pro Windows v lednu 2022. Hra je osmým dílem série God of War, chronologicky osmým a pokračováním God of War III z roku 2010.', 10),
(5, 'Dying Light', '2015-01-26', 'Dying Light je hororová videohra pro přežití z roku 2015 vyvinutá společností Techland a vydaná společností Warner Bros. Interactive Entertainment. Příběh hry sleduje tajného agenta jménem Kyle Crane, který je poslán proniknout do karanténní zóny ve městě na Blízkém východě jménem Harran.', 6),
(6, 'Dishonored', '2012-10-09', 'Dishonored je série akčních dobrodružných her vyvinutých společností Arkane Studios a vydávaných společností Bethesda Softworks. Tato franšíza začala v roce 2012 s Dishonored. Pokračování, Dishonored 2, bylo vydáno v roce 2016. Samostatné rozšíření k Dishonored 2, Death of the Outsider, bylo vydáno v roce 2017.', 4),
(7, 'Horizon Zero Dawn', '2017-02-28', 'Horizon Zero Dawn je akční videohra na hrdiny z roku 2017 vytvořená společností Guerrilla Games a vydaná Sony Interactive Entertainment. Děj hry sleduje mladou lovkyni Aloy, která se ve světě vzdálené budoucnosti plném robotických zvířat snaží odhalit svou minulost a zabránit vzrůstající hrozbě.', 10),
(8, 'Until Dawn', '2015-08-25', 'Until Dawn je interaktivní dramatická hororová videohra z roku 2015 vyvinutá společností Supermassive Games a vydaná společností Sony Computer Entertainment pro PlayStation 4. Hráči převezmou kontrolu nad osmi mladými dospělými, kteří musí přežít na Blackwood Mountain, když jsou ohroženy jejich životy.', 10),
(9, 'League of Legends', '2009-10-27', 'League of Legends je počítačová hra žánru multiplayer online battle arena. Vývojářem i hlavním distributorem je společnost Riot Games. Hra je určena pro operační systémy macOS a Windows. Inspirována byla módem Defense of the Ancients hry Warcraft 3, společnosti Blizzard Entertainment.', 20),
(10, 'Minecraft', '2011-11-18', 'Minecraft je počítačová hra, která se odehrává v otevřeném světě, kde má hráč neomezenou svobodu pohybu a činnosti. Hra je napsaná v programovacím jazyce Java. Byla vyvinuta v roce 2009 švédským vývojářem Markusem Perssonem, známým též pod přezdívkou Notch. Spolu s hrou založil společnost Mojang Studios, která hru stále vyvíjí, a to i přesto, že ji v roce 2014 od Markuse Perssona odkoupila za 2,3 miliard amerických dolarů společnost Microsoft. Minecraft je nejprodávanější videohrou v historii, kopií se prodalo více než 238 milionů a k roku 2021 ji měsíčně aktivně hrálo téměř 140 milionů hráčů.', 22),
(11, 'Celeste', '2018-01-25', 'Celeste je platformová hra z roku 2018, kterou vyvinul a vydal nezávislý vývojář Matt Makes Games. Hráč ovládá Madeline, mladou ženu s úzkostí a depresí, která chce vylézt na Celeste Mountain.', 21),
(18, 'The Last of Us', '2013-06-14', 'The Last of Us je akční dobrodružná survival hororová hra vytvořená společnostmi Naughty Dog a Sony Interactive Entertainment. Série se odehrává v postapokalyptických Spojených státech zpustošených kanibalskými tvory infikovanými zmutovanou houbou rodu Cordyceps.', 10);


INSERT INTO `hry_platformy` (`ID_hry`, `ID_platformy`) VALUES
(3, 3),
(3, 9),
(3, 12),
(3, 13),
(3, 14),
(3, 15),
(4, 1),
(4, 12),
(4, 13),
(5, 1),
(5, 2),
(5, 9),
(5, 12),
(5, 13),
(5, 14),
(6, 9),
(6, 10),
(6, 11),
(6, 12),
(6, 15),
(7, 12),
(7, 15),
(8, 12),
(9, 15),
(10, 2),
(10, 4),
(10, 9),
(10, 10),
(10, 11),
(10, 12),
(10, 13),
(10, 14),
(10, 15),
(10, 16),
(10, 17),
(11, 2),
(11, 3),
(11, 9),
(11, 12),
(11, 15),
(18, 11),
(18, 12);


INSERT INTO `hry_zanry` (`ID_hry`, `ID_zanr`) VALUES
(3, 1),
(3, 2),
(3, 5),
(3, 14),
(3, 19),
(3, 35),
(3, 36),
(4, 1),
(4, 2),
(4, 3),
(4, 7),
(4, 22),
(4, 35),
(5, 1),
(5, 3),
(5, 14),
(5, 15),
(5, 35),
(6, 1),
(6, 13),
(6, 35),
(7, 1),
(7, 3),
(7, 19),
(7, 35),
(8, 1),
(8, 15),
(8, 17),
(8, 35),
(9, 1),
(9, 3),
(9, 26),
(9, 37),
(10, 1),
(10, 5),
(10, 14),
(10, 18),
(10, 19),
(10, 35),
(11, 6),
(11, 35),
(11, 38),
(18, 1),
(18, 2),
(18, 14),
(18, 15),
(18, 35);


INSERT INTO `platformy` (`ID_platformy`, `nazev_platformy`) VALUES
(15, 'PC'),
(2, 'Nintendo Switch'),
(3, 'Google Stadia'),
(4, 'Nintendo Wii U'),
(5, 'Nintendo Wii'),
(6, 'Nintendo GameCube'),
(7, 'Nintendo 64'),
(8, 'Sega Genesis'),
(9, 'Xbox One'),
(10, 'Xbox 360'),
(11, 'Playstation 3'),
(12, 'Playstation 4'),
(13, 'Playstation 5'),
(14, 'Xbox Series X/S'),
(16, 'Android'),
(17, 'iOS');


INSERT INTO `reviews` (`ID_rev`, `review`, `rating`, `datum`, `ID_hrac`, `ID_hry`) VALUES
(1, 'Nejlepší hra na mém listu TOP1. Perfektní hra. Zajimavý a vynikající příběh. Perfketní a plný otevřený svět. Nejlepší hunting system a komplexně udělané zvířata. Gameplay super.', 10, '2023-03-11 11:55:24', 1, 3),
(2, 'Další vynikající hra z roku 2018. Kratos je back v plné parádě BOY! Krásný svět. Hodně solidní příběh.', 7, '2023-03-11 11:56:44', 1, 4),
(3, 'Nejlepší parkour system co jsem kdy viděl, inovativní a zajimavý kombat. Dobrá dějová linka. Jedna z nejlepších zombie her.', 8, '2023-03-11 11:57:32', 1, 5),
(4, 'Miluju tento žánr a tato hra v něm exceluje. Perfketní stealth. Gameplay je prostě super.', 9, '2023-03-11 11:58:36', 1, 6),
(5, 'Horizon jsem si moc užil. Moc zajimavé zasazení. Dobrý kombat system. Dobrá dějová linka.', 8, '2023-03-11 11:59:19', 1, 7),
(6, 'Until Dawn exceluje v žánru interaktvních filmů. Moc dobrá atmosféra. Excelentní horor hra.', 8, '2023-03-11 12:00:09', 1, 8),
(7, 'Lolko je opravdu promyšlená a zábavná hra, ale komunita je otřes.', 6, '2023-03-11 12:00:33', 1, 9),
(8, 'Na Minecraftu jsem vyrůstal.', 7, '2023-03-11 12:00:47', 1, 10),
(9, 'Jedna z nejlepších plošinovek co jsem kdy hrál a hodně velká výzva. Krásný vizual.', 8, '2023-03-11 12:01:13', 1, 11),
(11, 'miluju', 10, '2023-03-11 12:06:53', 7, 9),
(12, 'VSkutku vynikající hra', 9, '2023-03-13 21:25:05', 9, 3),
(13, 'mě to moc nebavilo', 5, '2023-03-13 21:25:24', 9, 4),
(14, 'nenavidim', 3, '2023-03-13 21:25:35', 9, 5),
(15, 'hodně dobry', 6, '2023-03-13 21:25:47', 9, 6),
(16, 'hodně dobrý', 8, '2023-03-14 09:30:34', 11, 4),
(17, 'nejlepší parkour', 8, '2023-03-14 09:31:26', 11, 5),
(18, 'Miluju ten gameplay a hlavní postavu!', 10, '2023-03-14 09:34:43', 11, 6),
(21, 'dobrá hra', 5, '2023-03-14 12:40:50', 15, 7),
(20, 'nejhorší hra co jsem kdy hrál jako neironicky', 1, '2023-03-14 09:35:52', 11, 9),
(23, '', 1, '2023-03-16 21:33:57', 23, 3),
(24, 'Tato hra mě moc nebavila.', 2, '2023-03-16 21:46:20', 23, 4),
(25, 'Super hra.', 7, '2023-03-16 21:46:42', 23, 9),
(26, 'Tato hra mě moc nebavila.', 3, '2023-03-17 09:11:49', 24, 6),
(31, 'Je to pecka', 10, '2023-03-20 21:12:59', 26, 3),
(30, 'Tato hra je nejepší.', 10, '2023-03-18 15:04:06', 8, 5),
(32, 'Jednou tu hru zapnete a už nikdy není cesty zpět.... Největší chyba v mém životě :/', 1, '2023-03-20 21:13:45', 27, 9),
(33, '', 10, '2023-03-20 21:16:16', 26, 9),
(34, 'Nejlepsi hra 4 ever, hrajeme s klukama z druziny :D', 10, '2023-03-20 21:57:44', 28, 10),
(35, 'Super hra, která je bohužel tahána dolů svoji komunitou. ', 8, '2023-03-22 13:48:12', 29, 9),
(36, 'super', 5, '2023-03-22 19:52:39', 30, 3),
(37, 'supr', 7, '2023-03-23 10:45:02', 1, 18),
(38, 'Skvost videoherního průmyslu, Arthur je velice propracovaná postava, která má svou hloubku. A hra vás svým skvělým příběhem a prostředím chytne a nepustí. Dejte jí šanci ;)', 10, '2023-03-23 11:07:09', 31, 3),
(39, 'Kratos je můj daddy, ale jsem noob a nedokážu pořád zabít královnu Valkýr, -1 bod :/', 9, '2023-03-23 11:24:37', 31, 4),
(40, 'Grafika a zvukové efekty jsou velmi působivé a přispívají k atmosféře napětí a hrůzy. Příběh je také poměrně zajímavý, s mnoha neočekávanými zvraty a možností různých konců.\r\n\r\nNicméně, hra trpí několika technickými problémy, jako jsou zpoždění načítání a občasným křečovitým ovládáním. Některé postavy jsou také povrchní a nezajímavé, což omezuje možnosti pro zasazení se do role.', 6, '2023-03-23 11:28:48', 31, 8),
(41, 'Herní mechaniky jsou dobře navrženy a boje jsou napínavé a realistické. Nicméně, některé prvky hry se mohou zdát repetitivní a některé levely jsou příliš lineární. Také někteří hráči by mohli cítit, že hra je příliš předvídatelná.\r\nAčkoli má několik nedostatků, vynikající atmosféra a silný příběh vynahrazují většinu z nich. Celkové hodnocení bych tedy dal 8/10.', 8, '2023-03-23 11:31:12', 31, 18);


INSERT INTO `uzivatele` (`ID_hrac`, `nickname`, `email`, `password`, `user_type`) VALUES
(1, 'gilovec1', 'gilovec@gmail.com', 'ondra', 2),
(15, 'chumoku', 'chumoku@seznam.cz', '123', 1),
(4, 'gjumle', 'gjumle@proton.me', 'yx2%s!Y$Ffa88N', 2),
(6, 'Gilovec', 'ondrejrei@gmail.com', '5W0psPeC', 1),
(7, 'chumacek', 'chumokuteri@seznam.cz', '1235', 1),
(8, 'Satan25', 'satan@email.cz', 'satan', 1),
(9, 'broskev', 'broskev@broskev.cz', 'broskev', 1),
(11, 'hrad', 'hrad@hrad.cz', 'hrad', 1),
(13, 'Vanesa', 'vanesa@seznam.cz', 'vanesa', 1),
(22, 'jabko', 'jabko@email.cz', 'jabko', 1),
(23, 'lampa', 'lampa@lampa.cz', 'lampa', 1),
(24, 'Ondrej', 'ondrejreinelt@seznam.cz', 'neco', 1),
(25, 'Gilo', 'ondrareinelt@seznam.cz', 'yEEGNHmm', 1),
(26, 'Lopata', 'vitek.999@seznam.cz', 'kokot123', 1),
(27, 'Tomidlo_Prdidlo', 'dvorak225@gmail.com', 'OndraJeGay', 1),
(28, 'BakyJelou', 'thedanman740@gmail.com', 'doufamzemojeheslonenivtxtsouboru', 1),
(29, 'GilovecJeMujNejoblibenějšíStreamer', 'david.kirsch@educanet.cz', 'David', 1),
(30, 'majer', 'majer1@atlas.cz', '123456', 1),
(31, 'Lorix', 'stepan.marek@educanet.cz', 'mojeheslorobertvasicek', 1);



INSERT INTO `vydavatel` (`ID_vydavatel`, `nazev_vydavatel`) VALUES
(1, 'Electronic Arts (EA)'),
(2, 'Activision Blizzard'),
(3, 'Ubisoft'),
(4, 'Bethesda Softworks'),
(5, 'Rockstar Games'),
(6, 'Square Enix'),
(7, 'Capcom'),
(8, 'Konami'),
(9, 'Bandai Namco'),
(10, 'Sony Interactive Entertainment'),
(11, 'Microsoft Studios'),
(12, 'Nintendo'),
(13, 'CD Projekt Red'),
(14, 'Valve Corporation'),
(15, '2K Games'),
(16, 'THQ Nordic'),
(17, 'Epic Games'),
(18, 'Sega'),
(19, 'Take-Two Interactive.'),
(20, 'Riot Games'),
(21, 'Maddy Makes Games'),
(22, 'Mojang Studios');


INSERT INTO `zanr` (`ID_zanr`, `nazev_zanr`) VALUES
(1, 'Akce'),
(2, 'Dobrodružství'),
(3, 'RPG '),
(4, 'FPS'),
(5, 'TPS'),
(6, 'Platformer'),
(7, 'Bojová'),
(8, 'Sportovní'),
(41, 'Závodní'),
(10, 'Simulátor'),
(11, 'Strategické'),
(12, 'Puzzle'),
(13, 'Stealth'),
(14, 'Survival'),
(15, 'Horor'),
(16, 'Vizuální novela'),
(17, 'Interaktivní'),
(18, 'SandBox'),
(19, 'Otevřený svět'),
(20, 'MMO'),
(21, 'Tower Defense'),
(22, 'Hack and Slash'),
(23, 'Hudební'),
(42, 'Vzdělávací'),
(25, 'Fitness'),
(26, 'Hry pro více hráčů'),
(27, 'Karetní '),
(28, 'Roguelike'),
(29, 'Metroidvania'),
(30, 'Taktické RPG'),
(31, 'RTS'),
(32, 'TBS'),
(33, 'Battle Royale'),
(35, 'Adventůra'),
(36, 'Western'),
(37, 'Battle Arena'),
(38, 'Indie');



